title,summary
"With co-founders leaving and an IPO looming, Elon Musk turns talk to the moon","With co-founders leaving and an IPO looming, Elon Musk turns talk to the moon"
OpenAI policy exec who opposed chatbot’s “adult mode” reportedly fired on discrimination claim,OpenAI policy exec who opposed chatbot’s “adult mode” reportedly fired on discrimination claim
"Okay, now exactly half of xAI’s founding team has left the company","Okay, now exactly half of xAI’s founding team has left the company"
Amazon may launch a marketplace where media sites can sell their content to AI companies,Amazon may launch a marketplace where media sites can sell their content to AI companies
An ice dance duo skated to AI music at the Olympics,An ice dance duo skated to AI music at the Olympics
Boston Dynamics CEO Robert Playter steps down after 30 years at the company,Boston Dynamics CEO Robert Playter steps down after 30 years at the company
"VC Masha Bucher, Epstein associate and Day One founder, explains herself","VC Masha Bucher, Epstein associate and Day One founder, explains herself"
Google sent personal and financial information of student journalist to ICE,Google sent personal and financial information of student journalist to ICE
Here’s how Rivian changed the rear door manual release on the R2,Here’s how Rivian changed the rear door manual release on the R2
"Facebook adds new AI features, animated profile photos, and backgrounds for text posts","Facebook adds new AI features, animated profile photos, and backgrounds for text posts"
